ID	Path	count_arrow	count_at	count_block_comment	count_class	count_closing_quote	count_colon	count_coloncolon	count_comma	count_dot	count_else	count_eol_comment	count_eq	count_eqeq	count_excl	count_false	count_fun	count_gt	count_identifier	count_if	count_integer_literal	count_interface	count_kdoc	count_lbrace	count_lbracket	count_long_template_entry_end	count_long_template_entry_start	count_lpar	count_lt	count_mul	count_null	count_object	count_open_quote	count_package	count_plus	count_quest	count_rbrace	count_rbracket	count_regular_string_part	count_return	count_rpar	count_super	count_this	count_true	count_val	count_var	count_white_space	bin_arrow	bin_at	bin_block_comment	bin_class	bin_closing_quote	bin_colon	bin_coloncolon	bin_comma	bin_dot	bin_else	bin_eol_comment	bin_eq	bin_eqeq	bin_excl	bin_false	bin_fun	bin_gt	bin_identifier	bin_if	bin_integer_literal	bin_interface	bin_kdoc	bin_lbrace	bin_lbracket	bin_long_template_entry_end	bin_long_template_entry_start	bin_lpar	bin_lt	bin_mul	bin_null	bin_object	bin_open_quote	bin_package	bin_plus	bin_quest	bin_rbrace	bin_rbracket	bin_regular_string_part	bin_return	bin_rpar	bin_super	bin_this	bin_true	bin_val	bin_var	bin_white_space	tfidf_arrow	tfidf_at	tfidf_block_comment	tfidf_class	tfidf_closing_quote	tfidf_colon	tfidf_coloncolon	tfidf_comma	tfidf_dot	tfidf_else	tfidf_eol_comment	tfidf_eq	tfidf_eqeq	tfidf_excl	tfidf_false	tfidf_fun	tfidf_gt	tfidf_identifier	tfidf_if	tfidf_integer_literal	tfidf_interface	tfidf_kdoc	tfidf_lbrace	tfidf_lbracket	tfidf_long_template_entry_end	tfidf_long_template_entry_start	tfidf_lpar	tfidf_lt	tfidf_mul	tfidf_null	tfidf_object	tfidf_open_quote	tfidf_package	tfidf_plus	tfidf_quest	tfidf_rbrace	tfidf_rbracket	tfidf_regular_string_part	tfidf_return	tfidf_rpar	tfidf_super	tfidf_this	tfidf_true	tfidf_val	tfidf_var	tfidf_white_space
1	D:/Project/CodePerformanceProblemDetection/5_1_FeaturesTokenExtractor/data\sources\example.txt.token	0	0	0	0	1	0	0	0	0	0	0	0	0	0	0	1	0	2	0	0	0	0	1	0	0	0	2	0	0	0	0	1	0	0	0	1	0	1	0	2	0	0	0	0	0	4	0	0	0	0	1	0	0	0	0	0	0	0	0	0	0	1	0	1	0	0	0	0	1	0	0	0	1	0	0	0	0	1	0	0	0	1	0	1	0	1	0	0	0	0	0	1	0.0	0.0	0.0	0.0	0.244580107275	0.0	0.0	0.0	0.0	0.0	0.0	0.0	0.0	0.0	0.0	0.189601888109	0.0	0.318861742466	0.0	0.0	0.0	0.0	0.170823636118	0.0	0.0	0.0	0.330051021847	0.0	0.0	0.0	0.0	0.244580107275	0.0	0.0	0.0	0.170823636118	0.0	0.244580107275	0.0	0.330051021847	0.0	0.0	0.0	0.0	0.0	0.637723484933
2	D:/Project/CodePerformanceProblemDetection/5_1_FeaturesTokenExtractor/data\sources_2\sources\app\src\androidTest\java\com\ground0\transaction\ExampleInstrumentedTest.txt.token	0	2	0	2	1	0	1	1	19	0	1	1	0	0	0	1	0	38	0	0	0	1	2	0	0	0	4	0	1	0	0	1	1	0	0	2	0	1	0	4	0	0	0	1	0	30	0	1	0	1	1	0	1	1	1	0	1	1	0	0	0	1	0	1	0	0	0	1	1	0	0	0	1	0	1	0	0	1	1	0	0	1	0	1	0	1	0	0	0	1	0	1	0.0	0.0623420944775	0.0	0.0446828581661	0.0288196978221	0.0	0.0429802633527	0.0299586087329	0.369464723864	0.0	0.0483847383225	0.0257665722689	0.0	0.0	0.0	0.022341429083	0.0	0.713878508675	0.0	0.0	0.0	0.0215745358049	0.040257448806	0.0	0.0	0.0	0.0777820471294	0.0	0.0614063929423	0.0	0.0	0.0288196978221	0.0194455117823	0.0	0.0	0.040257448806	0.0	0.0288196978221	0.0	0.0777820471294	0.0	0.0	0.0	0.0407675586726	0.0	0.563588296322
3	D:/Project/CodePerformanceProblemDetection/5_1_FeaturesTokenExtractor/data\sources_2\sources\app\src\main\java\com\ground0\transaction\core\components\BaseActivity.txt.token	0	0	0	1	0	5	0	0	19	0	0	1	0	0	0	2	2	50	0	0	0	1	3	0	0	0	6	2	0	0	0	0	1	0	1	3	0	0	0	6	1	1	0	0	1	42	0	0	0	1	0	1	0	0	1	0	0	1	0	0	0	1	1	1	0	0	0	1	1	0	0	0	1	1	0	0	0	0	1	0	1	1	0	0	0	1	1	1	0	0	1	1	0.0	0.0	0.0	0.0171114495155	0.0	0.0826204041991	0.0	0.0	0.282975495733	0.0	0.0	0.0197347895216	0.0	0.0	0.0	0.0342228990309	0.0425015458678	0.719426723941	0.0	0.0	0.0	0.0165240808398	0.0462501727377	0.0	0.0	0.0	0.089360682863	0.0425015458678	0.0	0.0	0.0	0.0	0.0148934471438	0.0	0.0283367878197	0.0462501727377	0.0	0.0	0.0	0.089360682863	0.0348401913566	0.0348401913566	0.0	0.0	0.029708161628	0.604318448111
4	D:/Project/CodePerformanceProblemDetection/5_1_FeaturesTokenExtractor/data\sources_2\sources\app\src\main\java\com\ground0\transaction\core\components\BaseFragment.txt.token	0	0	0	1	0	1	0	0	8	0	0	0	0	0	0	0	0	14	0	0	0	1	0	0	0	0	1	0	0	0	0	0	1	0	0	0	0	0	0	1	0	0	0	0	0	8	0	0	0	1	0	1	0	0	1	0	0	0	0	0	0	0	0	1	0	0	0	1	0	0	0	0	1	0	0	0	0	0	1	0	0	0	0	0	0	1	0	0	0	0	0	1	0.0	0.0	0.0	0.0648942344648	0.0	0.0626666709541	0.0	0.0	0.451860656255	0.0	0.0	0.0	0.0	0.0	0.0	0.0	0.0	0.763948197913	0.0	0.0	0.0	0.0626666709541	0.0	0.0	0.0	0.0	0.0564825820318	0.0	0.0	0.0	0.0	0.0	0.0564825820318	0.0	0.0	0.0	0.0	0.0	0.0	0.0564825820318	0.0	0.0	0.0	0.0	0.0	0.436541827379
5	D:/Project/CodePerformanceProblemDetection/5_1_FeaturesTokenExtractor/data\sources_2\sources\app\src\main\java\com\ground0\transaction\core\components\RetailApplication.txt.token	0	0	0	1	0	1	0	0	25	0	0	0	0	0	0	1	0	41	0	0	0	1	2	0	0	0	6	0	0	0	0	0	1	0	0	2	0	0	0	6	1	2	0	0	0	24	0	0	0	1	0	1	0	0	1	0	0	0	0	0	0	1	0	1	0	0	0	1	1	0	0	0	1	0	0	0	0	0	1	0	0	1	0	0	0	1	1	1	0	0	0	1	0.0	0.0	0.0	0.0215379735786	0.0	0.0207986597639	0.0	0.0	0.468655023627	0.0	0.0	0.0	0.0	0.0	0.0	0.0215379735786	0.0	0.742537613869	0.0	0.0	0.0	0.0207986597639	0.0388096869499	0.0	0.0	0.0	0.112477205671	0.0	0.0	0.0	0.0	0.0	0.0187462009451	0.0	0.0	0.0388096869499	0.0	0.0	0.0	0.112477205671	0.0438529255067	0.0877058510134	0.0	0.0	0.0	0.434656164216
6	D:/Project/CodePerformanceProblemDetection/5_1_FeaturesTokenExtractor/data\sources_2\sources\app\src\main\java\com\ground0\transaction\core\livedata\SingleLiveEvent.txt.token	1	3	1	1	2	4	0	4	28	0	1	3	0	0	2	3	3	78	2	0	0	2	8	0	0	0	14	3	0	1	1	2	1	0	1	8	0	2	0	14	2	0	2	2	0	84	1	1	1	1	1	1	0	1	1	0	1	1	0	0	1	1	1	1	1	0	0	1	1	0	0	0	1	1	0	1	1	1	1	0	1	1	0	1	0	1	1	0	1	1	0	1	0.0243928356784	0.0407316531691	0.030064696445	0.00973128828752	0.0251060741749	0.0375890059327	0.0	0.0521964565811	0.237157464268	0.0	0.0210750098207	0.0336695484427	0.0	0.0	0.0451338086947	0.0291938648626	0.036255969589	0.638255701243	0.0487856713568	0.0	0.0	0.0187945029664	0.0701399787086	0.0	0.0	0.0	0.118578732134	0.036255969589	0.0	0.0210750098207	0.0198136309713	0.0251060741749	0.00846990943816	0.0	0.0161151427392	0.0701399787086	0.0	0.0251060741749	0.0	0.118578732134	0.0396272619426	0.0	0.0534937411745	0.0355143679258	0.0	0.687352293646
7	D:/Project/CodePerformanceProblemDetection/5_1_FeaturesTokenExtractor/data\sources_2\sources\app\src\main\java\com\ground0\transaction\core\repository\db\dao\RetailTransactionDao.txt.token	0	5	0	0	2	5	0	0	32	0	0	2	0	0	0	4	4	73	0	0	1	1	1	0	0	0	8	4	0	0	0	2	1	0	0	1	0	2	0	8	0	0	0	0	0	42	0	1	0	0	1	1	0	0	1	0	0	1	0	0	0	1	1	1	0	0	1	1	1	0	0	0	1	1	0	0	0	1	1	0	0	1	0	1	0	1	0	0	0	0	0	1	0.0	0.0896125983788	0.0	0.0	0.0331411131176	0.0620239094787	0.0	0.0	0.357780798167	0.0	0.0	0.0296301818113	0.0	0.0	0.0	0.0513829001969	0.0638126152773	0.788517331946	0.0	0.0	0.0321996071885	0.0124047818957	0.011573478953	0.0	0.0	0.0	0.0894451995417	0.0638126152773	0.0	0.0	0.0	0.0331411131176	0.0111806499427	0.0	0.0	0.011573478953	0.0	0.0331411131176	0.0	0.0894451995417	0.0	0.0	0.0	0.0	0.0	0.453667506051
8	D:/Project/CodePerformanceProblemDetection/5_1_FeaturesTokenExtractor/data\sources_2\sources\app\src\main\java\com\ground0\transaction\core\repository\db\LocalStore.txt.token	0	0	0	1	9	24	1	2	49	0	8	1	0	0	0	13	18	170	0	0	0	1	16	0	0	0	37	18	0	0	1	9	1	0	0	16	0	9	4	37	0	0	0	0	1	176	0	0	0	1	1	1	1	1	1	0	1	1	0	0	0	1	1	1	0	0	0	1	1	0	0	0	1	1	0	0	1	1	1	0	0	1	0	1	1	1	0	0	0	0	1	1	0.0	0.0	0.0	0.00451054184845	0.052366035916	0.104537105032	0.00867734448808	0.012096769451	0.192368174941	0.0	0.0781476909893	0.00520204871757	0.0	0.0	0.0	0.0586370440298	0.100829857212	0.644773826075	0.0	0.0	0.0	0.00435571270965	0.0650210537119	0.0	0.0	0.0	0.145257601486	0.100829857212	0.0	0.0	0.00918380064646	0.052366035916	0.00392588112125	0.0	0.0	0.0650210537119	0.0	0.052366035916	0.0390738454946	0.145257601486	0.0	0.0	0.0	0.0	0.00783100848017	0.667530549348
9	D:/Project/CodePerformanceProblemDetection/5_1_FeaturesTokenExtractor/data\sources_2\sources\app\src\main\java\com\ground0\transaction\core\repository\db\RoomDatabase.txt.token	0	2	0	3	0	2	2	1	34	0	0	2	0	0	0	1	0	59	0	1	0	1	1	1	0	0	5	0	0	0	0	0	1	0	0	1	1	0	0	5	0	0	0	0	0	32	0	1	0	1	0	1	1	1	1	0	0	1	0	0	0	1	0	1	0	1	0	1	1	1	0	0	1	0	0	0	0	0	1	0	0	1	1	0	0	1	0	0	0	0	0	1	0.0	0.0432268855258	0.0	0.0464734336671	0.0	0.0299187891369	0.0596034810632	0.0207727597391	0.458427700271	0.0	0.0	0.0357321543075	0.0	0.0	0.0	0.0154911445557	0.0	0.768537883008	0.0	0.0388307213242	0.0	0.0149593945684	0.0139568949815	0.0425780869333	0.0	0.0	0.0674158382752	0.0	0.0	0.0	0.0	0.0	0.013483167655	0.0	0.0	0.0139568949815	0.0425780869333	0.0	0.0	0.0674158382752	0.0	0.0	0.0	0.0	0.0	0.416834106038
10	D:/Project/CodePerformanceProblemDetection/5_1_FeaturesTokenExtractor/data\sources_2\sources\app\src\main\java\com\ground0\transaction\core\repository\db\util\DateTypeConverter.txt.token	0	2	0	1	0	4	0	0	15	0	0	2	0	0	0	2	0	35	0	0	0	1	1	0	0	0	4	0	0	0	0	0	1	0	2	1	0	0	0	4	0	0	0	0	0	25	0	1	0	1	0	1	0	0	1	0	0	1	0	0	0	1	0	1	0	0	0	1	1	0	0	0	1	0	0	0	0	0	1	0	1	1	0	0	0	1	0	0	0	0	0	1	0.0	0.0708751860336	0.0	0.0253994184152	0.0	0.0981102256237	0.0	0.0	0.331606824404	0.0	0.0	0.0585867580585	0.0	0.0	0.0	0.0507988368305	0.0	0.747517868359	0.0	0.0	0.0	0.0245275564059	0.0228838491654	0.0	0.0	0.0	0.0884284865077	0.0	0.0	0.0	0.0	0.0	0.0221071216269	0.0	0.0841235489403	0.0228838491654	0.0	0.0	0.0	0.0884284865077	0.0	0.0	0.0	0.0	0.0	0.533941334542
11	D:/Project/CodePerformanceProblemDetection/5_1_FeaturesTokenExtractor/data\sources_2\sources\app\src\main\java\com\ground0\transaction\core\repository\db\util\LocalDateTimeConverter.txt.token	0	0	0	1	0	9	0	6	39	0	0	1	0	2	0	2	2	91	0	0	0	1	4	0	0	0	5	2	0	0	1	0	1	0	8	4	0	0	2	5	0	0	0	1	0	63	0	0	0	1	0	1	0	1	1	0	0	1	0	1	0	1	1	1	0	0	0	1	1	0	0	0	1	1	0	0	1	0	1	0	1	1	0	0	1	1	0	0	0	1	0	1	0.0	0.0	0.0	0.0098637337781	0.0	0.0857263557748	0.0	0.07936029691	0.33482230151	0.0	0.0	0.0113759333967	0.0	0.0609477703447	0.0	0.0197274675562	0.0244996154895	0.754766291537	0.0	0.0	0.0	0.00952515064164	0.0355473014848	0.0	0.0	0.0	0.042925936091	0.0244996154895	0.0	0.0	0.0200832998986	0.0	0.00858518721819	0.0	0.130675793855	0.0355473014848	0.0	0.0	0.0427236929171	0.042925936091	0.0	0.0	0.0	0.017998864085	0.0	0.522530509525
12	D:/Project/CodePerformanceProblemDetection/5_1_FeaturesTokenExtractor/data\sources_2\sources\app\src\main\java\com\ground0\transaction\core\repository\network\ApiStore.txt.token	0	4	0	0	4	4	0	0	17	0	0	0	0	0	0	3	7	50	0	0	1	1	1	0	0	0	7	7	0	0	0	4	1	0	0	1	0	4	0	7	0	0	0	0	0	32	0	1	0	0	1	1	0	0	1	0	0	0	0	0	0	1	1	1	0	0	1	1	1	0	0	0	1	1	0	0	0	1	1	0	0	1	0	1	0	1	0	0	0	0	0	1	0.0	0.100550859734	0.0	0.0	0.0929659299246	0.0695946500263	0.0	0.0	0.266589292909	0.0	0.0	0.0	0.0	0.0	0.0	0.0540513577736	0.156628692939	0.757504328949	0.0	0.0	0.0451624303454	0.0173986625066	0.0162326960702	0.0	0.0	0.0	0.109772061786	0.156628692939	0.0	0.0	0.0	0.0929659299246	0.0156817231123	0.0	0.0	0.0162326960702	0.0	0.0929659299246	0.0	0.109772061786	0.0	0.0	0.0	0.0	0.0	0.484802770527
13	D:/Project/CodePerformanceProblemDetection/5_1_FeaturesTokenExtractor/data\sources_2\sources\app\src\main\java\com\ground0\transaction\core\repository\network\CloudStore.txt.token	0	0	0	2	11	24	2	1	78	0	10	7	0	0	0	15	22	229	0	0	0	1	12	0	2	2	47	22	0	0	1	11	1	0	0	12	0	11	0	47	0	0	0	2	1	205	0	0	0	1	1	1	1	1	1	0	1	1	0	0	0	1	1	1	0	0	0	1	1	0	1	1	1	1	0	0	1	1	1	0	0	1	0	1	0	1	0	0	0	1	1	1	0.0	0.0	0.0	0.0071392224775	0.0506514728968	0.0827299330159	0.0137343793486	0.00478664932457	0.242339356949	0.0	0.077306919382	0.0288180545342	0.0	0.0	0.0	0.0535441685812	0.0975284970582	0.687363021086	0.0	0.0	0.0	0.00344708054233	0.0385929050019	0.0	0.0196224645758	0.0196224645758	0.146024997136	0.0975284970582	0.0	0.0	0.00726799553213	0.0506514728968	0.00310691483269	0.0	0.0	0.0385929050019	0.0	0.0506514728968	0.0	0.146024997136	0.0	0.0	0.0	0.0130273077047	0.00619740528317	0.615324975208
14	D:/Project/CodePerformanceProblemDetection/5_1_FeaturesTokenExtractor/data\sources_2\sources\app\src\main\java\com\ground0\transaction\core\repository\network\util\HttpStatusOperator.txt.token	1	0	0	1	1	3	0	1	18	1	0	0	0	0	0	1	6	48	1	0	0	1	5	0	0	0	6	6	0	0	0	1	1	0	0	5	0	1	1	6	0	0	0	0	0	39	1	0	0	1	1	1	0	1	1	1	0	0	0	0	0	1	1	1	1	0	0	1	1	0	0	0	1	1	0	0	0	1	1	0	0	1	0	1	1	1	0	0	0	0	0	1	0.0443126847885	0.0	0.0	0.0176781214023	0.0228041865623	0.0512139033373	0.0	0.0237053735577	0.276959996666	0.0485890882485	0.0	0.0	0.0	0.0	0.0	0.0176781214023	0.131727149174	0.713521577249	0.0443126847885	0.0	0.0	0.0170713011124	0.0796363635352	0.0	0.0	0.0	0.0923199988886	0.131727149174	0.0	0.0	0.0	0.0228041865623	0.0153866664814	0.0	0.0	0.0796363635352	0.0	0.0228041865623	0.0382854326331	0.0923199988886	0.0	0.0	0.0	0.0	0.0	0.579736281515
15	D:/Project/CodePerformanceProblemDetection/5_1_FeaturesTokenExtractor/data\sources_2\sources\app\src\main\java\com\ground0\transaction\core\repository\network\util\ResponseStatusOperator.txt.token	0	0	0	1	0	0	0	0	13	0	0	0	0	0	0	0	1	24	0	0	0	1	0	0	0	0	0	1	0	0	0	0	1	0	0	0	0	0	0	0	0	0	0	0	0	12	0	0	0	1	0	0	0	0	1	0	0	0	0	0	0	0	1	1	0	0	0	1	0	0	0	0	0	1	0	0	0	0	1	0	0	0	0	0	0	0	0	0	0	0	0	1	0.0	0.0	0.0	0.039439544328	0.0	0.0	0.0	0.0	0.446255589735	0.0	0.0	0.0	0.0	0.0	0.0	0.0	0.0489801171065	0.795926366677	0.0	0.0	0.0	0.0380857400872	0.0	0.0	0.0	0.0	0.0	0.0489801171065	0.0	0.0	0.0	0.0	0.0343273530565	0.0	0.0	0.0	0.0	0.0	0.0	0.0	0.0	0.0	0.0	0.0	0.0	0.397963183338
16	D:/Project/CodePerformanceProblemDetection/5_1_FeaturesTokenExtractor/data\sources_2\sources\app\src\main\java\com\ground0\transaction\core\repository\Repository.txt.token	0	0	0	0	0	21	0	0	15	0	0	0	0	0	0	12	18	85	0	0	1	1	1	0	0	0	12	18	0	0	0	0	1	0	0	1	0	0	0	12	0	0	0	0	0	59	0	0	0	0	0	1	0	0	1	0	0	0	0	0	0	1	1	1	0	0	1	1	1	0	0	0	1	1	0	0	0	0	1	0	0	1	0	0	0	1	0	0	0	0	0	1	0.0	0.0	0.0	0.0	0.0	0.207811186028	0.0	0.0	0.133788505611	0.0	0.0	0.0	0.0	0.0	0.0	0.122970336546	0.229075978968	0.732432830435	0.0	0.0	0.0256868628632	0.00989577076326	0.0092326084904	0.0	0.0	0.0	0.107030804489	0.229075978968	0.0	0.0	0.0	0.0	0.00891923370739	0.0	0.0	0.0092326084904	0.0	0.0	0.0	0.107030804489	0.0	0.0	0.0	0.0	0.0	0.50839455289
17	D:/Project/CodePerformanceProblemDetection/5_1_FeaturesTokenExtractor/data\sources_2\sources\app\src\main\java\com\ground0\transaction\core\repository\RepositoryImp.txt.token	0	0	0	0	13	22	0	3	40	0	11	0	0	0	0	12	18	148	0	0	0	1	17	0	0	0	28	18	0	0	1	13	1	0	0	17	0	13	1	28	0	0	0	0	0	165	0	0	0	0	1	1	0	1	1	0	1	0	0	0	0	1	1	1	0	0	0	1	1	0	0	0	1	1	0	0	1	1	1	0	0	1	0	1	1	1	0	0	0	0	0	1	0.0	0.0	0.0	0.0	0.0831858192335	0.105385452326	0.0	0.0199553531802	0.172701413405	0.0	0.11817282142	0.0	0.0	0.0	0.0	0.0595262766542	0.11088885728	0.617332226991	0.0	0.0	0.0	0.00479024783298	0.0759769224473	0.0	0.0	0.0	0.120890989384	0.11088885728	0.0	0.0	0.010099996046	0.0831858192335	0.00431753533513	0.0	0.0	0.0759769224473	0.0	0.0831858192335	0.0107429837654	0.120890989384	0.0	0.0	0.0	0.0	0.0	0.688242009822
18	D:/Project/CodePerformanceProblemDetection/5_1_FeaturesTokenExtractor/data\sources_2\sources\app\src\main\java\com\ground0\transaction\Main2Activity.txt.token	0	0	0	1	1	2	0	3	43	0	0	1	0	0	0	1	1	79	0	0	0	0	6	0	0	0	13	1	0	0	0	1	1	0	3	6	0	1	0	13	1	1	0	0	0	51	0	0	0	1	1	1	0	1	1	0	0	1	0	0	0	1	1	1	0	0	0	0	1	0	0	0	1	1	0	0	0	1	1	0	1	1	0	1	0	1	1	1	0	0	0	1	0.0	0.0	0.0	0.0111579424978	0.014393373401	0.0215498685454	0.0	0.0448865333073	0.417600492993	0.0	0.0	0.0128685560209	0.0	0.0	0.0	0.0111579424978	0.0138570903778	0.741209491083	0.0	0.0	0.0	0.0	0.0603171306387	0.0	0.0	0.0	0.126251311835	0.0138570903778	0.0	0.0	0.0	0.014393373401	0.00971163937192	0.0	0.0554331032177	0.0603171306387	0.0	0.014393373401	0.0	0.126251311835	0.0227184056744	0.0227184056744	0.0	0.0	0.0	0.478502329687
19	D:/Project/CodePerformanceProblemDetection/5_1_FeaturesTokenExtractor/data\sources_2\sources\app\src\main\java\com\ground0\transaction\MainActivity.txt.token	0	2	0	3	0	3	2	5	57	0	0	2	0	0	0	4	1	126	0	0	0	0	10	0	0	0	22	1	0	0	0	0	1	0	4	10	0	0	0	22	1	5	0	0	1	94	0	1	0	1	0	1	1	1	1	0	0	1	0	0	0	1	1	1	0	0	0	0	1	0	0	0	1	1	0	0	0	0	1	0	1	1	0	0	0	1	1	1	0	0	1	1	0.0	0.0192124722442	0.0	0.0206554218181	0.0	0.0199464025298	0.0264911573354	0.0461629452442	0.341582881291	0.0	0.0	0.0158813898921	0.0	0.0	0.0	0.0275405624242	0.00855068178208	0.729479548002	0.0	0.0	0.0	0.0	0.0620323333927	0.0	0.0	0.0	0.131839006814	0.00855068178208	0.0	0.0	0.0	0.0	0.00599268212791	0.0	0.0456075374061	0.0620323333927	0.0	0.0	0.0	0.131839006814	0.0140186613656	0.070093306828	0.0	0.0	0.0119536845649	0.54421490089
20	D:/Project/CodePerformanceProblemDetection/5_1_FeaturesTokenExtractor/data\sources_2\sources\app\src\main\java\com\ground0\transaction\transaction\TransactionListActivity.txt.token	0	1	0	2	1	7	1	6	52	1	0	6	1	0	1	4	1	126	1	0	0	1	9	0	0	0	24	1	0	2	0	1	1	0	7	9	0	1	0	24	1	4	0	0	2	113	0	1	0	1	1	1	1	1	1	1	0	1	1	0	1	1	1	1	1	0	0	1	1	0	0	0	1	1	0	1	0	1	1	0	1	1	0	1	0	1	1	1	0	0	1	1	0.0	0.00905053719411	0.0	0.0129737017391	0.00836782110861	0.0438492797744	0.0124793520444	0.0521910285293	0.293592992479	0.0178293927382	0.0	0.0448880627394	0.0200410466235	0.0	0.015043038369	0.0259474034782	0.00805604427376	0.687280814007	0.016260199334	0.0	0.0	0.00626418282492	0.0525995134958	0.0	0.0	0.0	0.135504458067	0.00805604427376	0.0	0.0280970908973	0.0	0.00836782110861	0.00564601908613	0.0	0.0751961787806	0.0525995134958	0.0	0.00836782110861	0.0	0.135504458067	0.0132077136652	0.0528308546608	0.0	0.0	0.0225243821589	0.616370888753
21	D:/Project/CodePerformanceProblemDetection/5_1_FeaturesTokenExtractor/data\sources_2\sources\app\src\main\java\com\ground0\transaction\transaction\TransactionListAdapter.txt.token	0	0	0	2	0	10	0	4	40	0	0	4	0	0	1	3	2	100	0	0	0	1	3	1	0	0	13	2	0	0	0	0	1	0	0	3	1	0	1	13	0	0	0	2	1	76	0	0	0	1	0	1	0	1	1	0	0	1	0	0	1	1	1	1	0	0	0	1	1	1	0	0	1	1	0	0	0	0	1	0	0	1	1	0	1	1	0	0	0	1	1	1	0.0	0.0	0.0	0.0176437466192	0.0	0.085190531401	0.0	0.0473185577863	0.307134947808	0.0	0.0	0.0406973851734	0.0	0.0	0.0204579666392	0.0264656199288	0.0219118346911	0.741806403766	0.0	0.0	0.0	0.0085190531401	0.0238444536256	0.0242473038284	0.0	0.0	0.0998188580375	0.0219118346911	0.0	0.0	0.0	0.0	0.00767837369519	0.0	0.0	0.0238444536256	0.0242473038284	0.0	0.0191054936554	0.0998188580375	0.0	0.0	0.0	0.0321954550369	0.0153161564663	0.563772866862
22	D:/Project/CodePerformanceProblemDetection/5_1_FeaturesTokenExtractor/data\sources_2\sources\app\src\main\java\com\ground0\transaction\transaction\TransactionListItemViewModelFactory.txt.token	0	0	0	2	0	3	0	0	6	0	0	1	0	0	0	1	0	22	0	0	0	1	1	0	0	0	3	0	0	0	0	0	1	0	0	1	0	0	0	3	0	0	0	1	0	22	0	0	0	1	0	1	0	0	1	0	0	1	0	0	0	1	0	1	0	0	0	1	1	0	0	0	1	0	0	0	0	0	1	0	0	1	0	0	0	1	0	0	0	1	0	1	0.0	0.0	0.0	0.0731902077292	0.0	0.10601681419	0.0	0.0	0.191109670039	0.0	0.0	0.0422054643376	0.0	0.0	0.0	0.0365951038646	0.0	0.676979357663	0.0	0.0	0.0	0.0353389380633	0.0329707091454	0.0	0.0	0.0	0.0955548350193	0.0	0.0	0.0	0.0	0.0	0.0318516116731	0.0	0.0	0.0329707091454	0.0	0.0	0.0	0.0955548350193	0.0	0.0	0.0	0.0667769746683	0.0	0.676979357663
23	D:/Project/CodePerformanceProblemDetection/5_1_FeaturesTokenExtractor/data\sources_2\sources\app\src\main\java\com\ground0\transaction\transaction\TransactionListViewModel.txt.token	1	1	0	2	4	2	1	3	45	0	0	4	0	0	0	1	5	91	0	0	0	1	5	0	4	4	14	5	0	0	0	4	1	0	0	5	0	4	0	14	0	2	0	2	0	63	1	1	0	1	1	1	1	1	1	0	0	1	0	0	0	1	1	1	0	0	0	1	1	0	1	1	1	1	0	0	0	1	1	0	0	1	0	1	0	1	0	1	0	1	0	1	0.023876434194	0.0132897851556	0.0	0.0190505497174	0.0491491465617	0.0183966193681	0.0183246479181	0.0383185849264	0.373076984972	0.0	0.0	0.0439423426524	0.0	0.0	0.0	0.00952527485869	0.0591473717559	0.728867642082	0.0	0.0	0.0	0.00919830968406	0.0429094378387	0.0	0.104722534746	0.104722534746	0.116068395325	0.0591473717559	0.0	0.0	0.0	0.0491491465617	0.00829059966604	0.0	0.0	0.0429094378387	0.0	0.0491491465617	0.0	0.116068395325	0.0	0.0387883444358	0.0	0.0347625212542	0.0	0.504600675287
24	D:/Project/CodePerformanceProblemDetection/5_1_FeaturesTokenExtractor/data\sources_2\sources\app\src\test\java\com\ground0\transaction\core\repository\network\util\HttpStatusOperatorTest.txt.token	0	2	0	1	6	10	0	6	26	0	0	4	0	0	2	8	6	99	0	1	0	1	15	0	0	0	22	6	0	0	2	6	1	0	0	15	0	5	0	22	0	0	2	4	0	107	0	1	0	1	1	1	0	1	1	0	0	1	0	0	1	1	1	1	0	1	0	1	1	0	0	0	1	1	0	0	1	1	1	0	0	1	0	1	0	1	0	0	1	1	0	1	0.0	0.0212213994551	0.0	0.00760507639249	0.0588617682596	0.0734402406931	0.0	0.0611878963999	0.172101777966	0.0	0.0	0.0350840136053	0.0	0.0	0.0352724174709	0.0608406111399	0.0566686363124	0.633094494716	0.0	0.0190631880675	0.0	0.00734402406931	0.102777995668	0.0	0.0	0.0	0.145624581356	0.0566686363124	0.0	0.0	0.0309690089734	0.0588617682596	0.00661929915253	0.0	0.0	0.102777995668	0.0	0.0490514735496	0.0	0.145624581356	0.0	0.0	0.0418057687874	0.0555095015432	0.0	0.684253645804
25	D:/Project/CodePerformanceProblemDetection/5_1_FeaturesTokenExtractor/data\sources_2\sources\app\src\test\java\com\ground0\transaction\ExampleUnitTest.txt.token	0	1	0	1	0	0	0	1	7	0	0	0	0	0	0	1	0	15	0	3	0	1	2	0	0	0	2	0	1	0	0	0	1	1	0	2	0	0	0	2	0	0	0	0	0	20	0	1	0	1	0	0	0	1	1	0	0	0	0	0	0	1	0	1	0	1	0	1	1	0	0	0	1	0	1	0	0	0	1	1	0	1	0	0	0	1	0	0	0	0	0	1	0.0	0.0583024375896	0.0	0.0417874883958	0.0	0.0	0.0	0.0560346882972	0.254596680658	0.0	0.0	0.0	0.0	0.0	0.0	0.0417874883958	0.0	0.52706877669	0.0	0.314238559501	0.0	0.0403530884816	0.0752976753892	0.0	0.0	0.0	0.0727419087593	0.0	0.114854735701	0.0	0.0	0.0	0.0363709543797	0.129101935602	0.0	0.0752976753892	0.0	0.0	0.0	0.0727419087593	0.0	0.0	0.0	0.0	0.0	0.702758368919
26	D:/Project/CodePerformanceProblemDetection/5_1_FeaturesTokenExtractor/data\sources_2\sources\model\src\main\java\com\ground0\model\Customer.txt.token	0	6	0	1	6	6	0	0	8	0	0	4	0	0	0	0	0	35	0	0	0	1	1	0	0	0	6	0	0	4	0	6	1	0	4	1	0	6	0	6	0	0	0	0	6	46	0	1	0	1	1	1	0	0	1	0	0	1	0	0	0	0	0	1	0	0	0	1	1	0	0	0	1	0	0	1	0	1	1	0	1	1	0	1	0	1	0	0	0	0	1	1	0.0	0.152793953191	0.0	0.0182521686625	0.141268130207	0.105753861545	0.0	0.0	0.127090441515	0.0	0.0	0.084201564933	0.0	0.0	0.0	0.0	0.0	0.537170654403	0.0	0.0	0.0	0.0176256435908	0.0164444660814	0.0	0.0	0.0	0.0953178311365	0.0	0.0	0.158114577411	0.0	0.141268130207	0.0158863051894	0.0	0.120903335553	0.0164444660814	0.0	0.141268130207	0.0	0.0953178311365	0.0	0.0	0.0	0.0	0.19013177447	0.705995717215
27	D:/Project/CodePerformanceProblemDetection/5_1_FeaturesTokenExtractor/data\sources_2\sources\model\src\main\java\com\ground0\model\Retailer.txt.token	0	6	0	1	6	6	0	0	8	0	0	3	0	0	0	0	0	35	0	0	0	1	1	0	0	0	6	0	0	3	0	6	1	0	3	1	0	6	0	6	0	0	0	0	6	43	0	1	0	1	1	1	0	0	1	0	0	1	0	0	0	0	0	1	0	0	0	1	1	0	0	0	1	0	0	1	0	1	1	0	1	1	0	1	0	1	0	0	0	0	1	1	0.0	0.15958755084	0.0	0.0190637052942	0.147549261215	0.110455940195	0.0	0.0	0.132741197364	0.0	0.0	0.0659590313159	0.0	0.0	0.0	0.0	0.0	0.561054592337	0.0	0.0	0.0	0.0184093233658	0.0171756277784	0.0	0.0	0.0	0.0995558980232	0.0	0.0	0.123858557394	0.0	0.147549261215	0.0165926496705	0.0	0.0947092480081	0.0171756277784	0.0	0.147549261215	0.0	0.0995558980232	0.0	0.0	0.0	0.0	0.198585504144	0.689295642014
28	D:/Project/CodePerformanceProblemDetection/5_1_FeaturesTokenExtractor/data\sources_2\sources\model\src\main\java\com\ground0\model\RetailTransaction.txt.token	0	14	0	1	13	7	0	0	21	0	0	11	0	0	0	0	0	71	0	0	0	0	1	0	0	0	13	0	0	4	0	13	1	0	4	1	0	13	0	13	0	0	0	0	7	76	0	1	0	1	1	1	0	0	1	0	0	1	0	0	0	0	0	1	0	0	0	0	1	0	0	0	1	0	0	1	0	1	1	0	1	1	0	1	0	1	0	0	0	0	1	1	0.0	0.195915512318	0.0	0.0100299864147	0.168198520124	0.0677998753598	0.0	0.0	0.183327690626	0.0	0.0	0.127244414731	0.0	0.0	0.0	0.0	0.0	0.598809187416	0.0	0.0	0.0	0.0	0.00903661227566	0.0	0.0	0.0	0.113488570388	0.0	0.0	0.0868875963576	0.0	0.168198520124	0.00872989002983	0.0	0.0664391632308	0.00903661227566	0.0	0.168198520124	0.0	0.113488570388	0.0	0.0	0.0	0.0	0.121895412826	0.640978848502
